-- =========================================
-- DATABASE
-- =========================================

USE company_database;

-- =========================================
-- DEPARTMENT TABLE
-- =========================================

CREATE TABLE department (
    dept_id INT PRIMARY KEY,
    dept_name VARCHAR(50)
);

INSERT INTO department VALUES
(1, 'IT'),
(2, 'Finance'),
(3, 'HR'),
(4, 'Sales'),
(5, 'Marketing'),
(6, 'Operations'),
(7, 'Insurance'),
(8, 'Support');

-- =========================================
-- EMPLOYEES TABLE
-- =========================================

CREATE TABLE employees (
    emp_id INT PRIMARY KEY,
    emp_name VARCHAR(50),
    dept_id INT,
    salary INT,
    join_date DATE,
    FOREIGN KEY (dept_id) REFERENCES department(dept_id)
);

INSERT INTO employees VALUES
(1,'Pramod',1,55000,'2025-01-10'),
(2,'Vaishnavi',2,65000,'2024-05-12'),
(3,'Saujendra',7,48000,'2025-03-18'),
(4,'Ankita',4,75000,'2023-08-20'),
(5,'Ekta',3,60000,'2025-01-11'),
(6,'Nikhil',1,58000,'2024-09-14'),
(7,'Sai',3,62000,'2025-02-15'),
(8,'Shiva',2,72000,'2024-11-09'),
(9,'Swaraj',5,85000,'2025-04-01'),
(10,'Kunal',4,71000,'2024-07-25'),

(11,'Amit',1,54000,'2023-03-11'),
(12,'Rohit',2,69000,'2024-01-12'),
(13,'Sneha',3,61000,'2025-05-10'),
(14,'Pooja',4,78000,'2023-06-18'),
(15,'Riya',5,80000,'2025-04-21'),
(16,'Aditya',6,50000,'2024-10-05'),
(17,'Rahul',7,47000,'2025-02-08'),
(18,'Priya',8,45000,'2023-09-13'),
(19,'Neha',1,59000,'2024-12-20'),
(20,'Yash',2,73000,'2025-01-19'),

(21,'Aarav',3,62000,'2023-05-15'),
(22,'Tanvi',4,76000,'2024-08-10'),
(23,'Om',5,83000,'2025-02-12'),
(24,'Meera',6,52000,'2023-11-01'),
(25,'Rakesh',7,49000,'2024-04-03'),
(26,'Kiran',8,46000,'2025-03-15'),
(27,'Anjali',1,60000,'2024-07-22'),
(28,'Mohan',2,71000,'2023-06-27'),
(29,'Harsh',3,64000,'2025-01-17'),
(30,'Asha',4,79000,'2024-03-14'),

(31,'Deepak',5,81000,'2025-05-11'),
(32,'Nitin',6,53000,'2023-10-09'),
(33,'Payal',7,50000,'2024-01-16'),
(34,'Isha',8,47000,'2025-04-25'),
(35,'Vikas',1,61000,'2024-08-30'),
(36,'Simran',2,74000,'2023-09-12'),
(37,'Raj',3,65000,'2025-02-28'),
(38,'Komal',4,80000,'2024-06-05'),
(39,'Gaurav',5,84000,'2023-07-17'),
(40,'Manisha',6,54000,'2025-01-03'),

(41,'Rutuja',7,51000,'2024-11-18'),
(42,'Abhishek',8,48000,'2023-04-09'),
(43,'Sahil',1,62000,'2025-03-30'),
(44,'Tina',2,75000,'2024-10-14'),
(45,'Naina',3,66000,'2023-08-29'),
(46,'Kartik',4,82000,'2025-05-08'),
(47,'Dev',5,85000,'2024-02-11'),
(48,'Bhavna',6,55000,'2023-12-01'),
(49,'Rohan',7,52000,'2025-01-29'),
(50,'Aditi',8,49000,'2024-05-22'),

(51,'Pritam',1,63000,'2023-06-06'),
(52,'Shreya',2,76000,'2024-07-19'),
(53,'Viraj',3,67000,'2025-04-16'),
(54,'Krishna',4,83000,'2023-11-30'),
(55,'Jyoti',5,86000,'2024-03-27'),
(56,'Sameer',6,56000,'2025-02-09'),
(57,'Mitali',7,53000,'2024-09-01'),
(58,'Nilesh',8,50000,'2023-05-24'),
(59,'Akash',1,64000,'2025-03-11'),
(60,'Chaitali',2,77000,'2024-08-04'),

(61,'Varun',3,68000,'2023-07-10'),
(62,'Sakshi',4,84000,'2025-01-26'),
(63,'Tejas',5,87000,'2024-06-13'),
(64,'Pallavi',6,57000,'2023-10-22'),
(65,'Amol',7,54000,'2025-04-07'),
(66,'Kavya',8,51000,'2024-01-28'),
(67,'Sandeep',1,65000,'2023-09-19'),
(68,'Rekha',2,78000,'2025-02-14'),
(69,'Vivek',3,69000,'2024-05-09'),
(70,'Monika',4,85000,'2023-12-12'),

(71,'Ajay',5,88000,'2025-03-20'),
(72,'Poonam',6,58000,'2024-11-04'),
(73,'Ritesh',7,55000,'2023-08-15'),
(74,'Sonali',8,52000,'2025-01-07'),
(75,'Mahesh',1,66000,'2024-07-26'),
(76,'Irfan',2,79000,'2023-06-02'),
(77,'Seema',3,70000,'2025-05-14'),
(78,'Dhiraj',4,86000,'2024-02-20'),
(79,'Lata',5,89000,'2023-11-08'),
(80,'Parth',6,59000,'2025-04-18'),

(81,'Ravina',7,56000,'2024-09-29'),
(82,'Arjun',8,53000,'2023-05-16'),
(83,'Madhuri',1,67000,'2025-02-22'),
(84,'Bhavesh',2,80000,'2024-08-31'),
(85,'Sonal',3,71000,'2023-10-17'),
(86,'Yogesh',4,87000,'2025-03-09'),
(87,'Nandini',5,90000,'2024-04-24'),
(88,'Chetan',6,60000,'2023-12-28'),
(89,'Trisha',7,57000,'2025-01-15'),
(90,'Hemant',8,54000,'2024-06-07'),

(91,'Kishor',1,68000,'2023-09-03'),
(92,'Lavanya',2,81000,'2025-04-29'),
(93,'Tarun',3,72000,'2024-02-02'),
(94,'Geeta',4,88000,'2023-07-21'),
(95,'Ramesh',5,91000,'2025-05-05'),
(96,'Shalini',6,61000,'2024-01-18'),
(97,'Farhan',7,58000,'2023-11-14'),
(98,'Nupur',8,55000,'2025-03-01'),
(99,'Anurag',1,69000,'2024-08-08'),
(100,'Divya',2,82000,'2023-06-25');

-- =========================================
-- ATTENDANCE TABLE
-- =========================================

CREATE TABLE attendance (
    attendance_id INT PRIMARY KEY,
    emp_id INT,
    attendance_date DATE,
    status VARCHAR(20),
    FOREIGN KEY (emp_id) REFERENCES employees(emp_id)
);

INSERT INTO attendance VALUES
(1,1,'2026-05-01','Present'),
(2,2,'2026-05-01','Present'),
(3,3,'2026-05-01','Absent'),
(4,4,'2026-05-01','Present'),
(5,5,'2026-05-01','Present'),
(6,6,'2026-05-01','Late'),
(7,7,'2026-05-01','Present'),
(8,8,'2026-05-01','Absent'),
(9,9,'2026-05-01','Present'),
(10,10,'2026-05-01','Present'),

(11,11,'2026-05-02','Present'),
(12,12,'2026-05-02','Late'),
(13,13,'2026-05-02','Present'),
(14,14,'2026-05-02','Absent'),
(15,15,'2026-05-02','Present'),
(16,16,'2026-05-02','Present'),
(17,17,'2026-05-02','Late'),
(18,18,'2026-05-02','Present'),
(19,19,'2026-05-02','Absent'),
(20,20,'2026-05-02','Present'),

(21,21,'2026-05-03','Present'),
(22,22,'2026-05-03','Present'),
(23,23,'2026-05-03','Late'),
(24,24,'2026-05-03','Present'),
(25,25,'2026-05-03','Absent'),
(26,26,'2026-05-03','Present'),
(27,27,'2026-05-03','Present'),
(28,28,'2026-05-03','Late'),
(29,29,'2026-05-03','Present'),
(30,30,'2026-05-03','Absent'),

(31,31,'2026-05-04','Present'),
(32,32,'2026-05-04','Present'),
(33,33,'2026-05-04','Late'),
(34,34,'2026-05-04','Absent'),
(35,35,'2026-05-04','Present'),
(36,36,'2026-05-04','Present'),
(37,37,'2026-05-04','Late'),
(38,38,'2026-05-04','Present'),
(39,39,'2026-05-04','Present'),
(40,40,'2026-05-04','Absent'),

(41,41,'2026-05-05','Present'),
(42,42,'2026-05-05','Late'),
(43,43,'2026-05-05','Present'),
(44,44,'2026-05-05','Present'),
(45,45,'2026-05-05','Absent'),
(46,46,'2026-05-05','Present'),
(47,47,'2026-05-05','Late'),
(48,48,'2026-05-05','Present'),
(49,49,'2026-05-05','Present'),
(50,50,'2026-05-05','Absent'),

(51,51,'2026-05-06','Present'),
(52,52,'2026-05-06','Present'),
(53,53,'2026-05-06','Late'),
(54,54,'2026-05-06','Present'),
(55,55,'2026-05-06','Absent'),
(56,56,'2026-05-06','Present'),
(57,57,'2026-05-06','Present'),
(58,58,'2026-05-06','Late'),
(59,59,'2026-05-06','Present'),
(60,60,'2026-05-06','Absent'),

(61,61,'2026-05-07','Present'),
(62,62,'2026-05-07','Late'),
(63,63,'2026-05-07','Present'),
(64,64,'2026-05-07','Present'),
(65,65,'2026-05-07','Absent'),
(66,66,'2026-05-07','Present'),
(67,67,'2026-05-07','Late'),
(68,68,'2026-05-07','Present'),
(69,69,'2026-05-07','Present'),
(70,70,'2026-05-07','Absent'),

(71,71,'2026-05-08','Present'),
(72,72,'2026-05-08','Present'),
(73,73,'2026-05-08','Late'),
(74,74,'2026-05-08','Present'),
(75,75,'2026-05-08','Absent'),
(76,76,'2026-05-08','Present'),
(77,77,'2026-05-08','Present'),
(78,78,'2026-05-08','Late'),
(79,79,'2026-05-08','Present'),
(80,80,'2026-05-08','Absent'),

(81,81,'2026-05-09','Present'),
(82,82,'2026-05-09','Late'),
(83,83,'2026-05-09','Present'),
(84,84,'2026-05-09','Present'),
(85,85,'2026-05-09','Absent'),
(86,86,'2026-05-09','Present'),
(87,87,'2026-05-09','Late'),
(88,88,'2026-05-09','Present'),
(89,89,'2026-05-09','Present'),
(90,90,'2026-05-09','Absent'),

(91,91,'2026-05-10','Present'),
(92,92,'2026-05-10','Present'),
(93,93,'2026-05-10','Late'),
(94,94,'2026-05-10','Present'),
(95,95,'2026-05-10','Absent'),
(96,96,'2026-05-10','Present'),
(97,97,'2026-05-10','Late'),
(98,98,'2026-05-10','Present'),
(99,99,'2026-05-10','Present'),
(100,100,'2026-05-10','Absent');
-- =========================================
-- PERFORMANCE TABLE
-- =========================================

CREATE TABLE performance (
    performance_id INT PRIMARY KEY,
    emp_id INT,
    rating DECIMAL(2,1),
    review_year INT,
    FOREIGN KEY (emp_id) REFERENCES employees(emp_id)
);

INSERT INTO performance VALUES
(1,1,4.2,2025),
(2,2,4.5,2025),
(3,3,3.8,2025),
(4,4,4.9,2025),
(5,5,4.1,2025),
(6,6,3.9,2025),
(7,7,4.3,2025),
(8,8,4.6,2025),
(9,9,4.8,2025),
(10,10,4.4,2025),

(11,11,3.7,2025),
(12,12,4.5,2025),
(13,13,4.0,2025),
(14,14,4.7,2025),
(15,15,4.6,2025),
(16,16,3.9,2025),
(17,17,3.6,2025),
(18,18,4.1,2025),
(19,19,4.2,2025),
(20,20,4.8,2025),

(21,21,4.0,2025),
(22,22,4.7,2025),
(23,23,4.9,2025),
(24,24,3.8,2025),
(25,25,3.7,2025),
(26,26,4.1,2025),
(27,27,4.3,2025),
(28,28,4.5,2025),
(29,29,4.0,2025),
(30,30,4.8,2025),

(31,31,4.7,2025),
(32,32,3.9,2025),
(33,33,3.8,2025),
(34,34,4.0,2025),
(35,35,4.2,2025),
(36,36,4.6,2025),
(37,37,4.1,2025),
(38,38,4.9,2025),
(39,39,4.8,2025),
(40,40,3.7,2025),

(41,41,3.9,2025),
(42,42,4.0,2025),
(43,43,4.3,2025),
(44,44,4.5,2025),
(45,45,4.1,2025),
(46,46,4.9,2025),
(47,47,4.7,2025),
(48,48,3.8,2025),
(49,49,3.9,2025),
(50,50,4.0,2025),

(51,51,4.2,2025),
(52,52,4.6,2025),
(53,53,4.1,2025),
(54,54,4.8,2025),
(55,55,4.9,2025),
(56,56,3.9,2025),
(57,57,3.8,2025),
(58,58,4.0,2025),
(59,59,4.3,2025),
(60,60,4.7,2025),

(61,61,4.2,2025),
(62,62,4.8,2025),
(63,63,4.9,2025),
(64,64,3.9,2025),
(65,65,3.8,2025),
(66,66,4.1,2025),
(67,67,4.4,2025),
(68,68,4.7,2025),
(69,69,4.3,2025),
(70,70,4.9,2025),

(71,71,5.0,2025),
(72,72,4.0,2025),
(73,73,3.9,2025),
(74,74,4.1,2025),
(75,75,4.5,2025),
(76,76,4.8,2025),
(77,77,4.4,2025),
(78,78,5.0,2025),
(79,79,4.9,2025),
(80,80,4.0,2025),

(81,81,3.9,2025),
(82,82,4.1,2025),
(83,83,4.6,2025),
(84,84,4.8,2025),
(85,85,4.5,2025),
(86,86,5.0,2025),
(87,87,4.9,2025),
(88,88,4.1,2025),
(89,89,4.0,2025),
(90,90,4.2,2025),

(91,91,4.7,2025),
(92,92,4.9,2025),
(93,93,4.6,2025),
(94,94,5.0,2025),
(95,95,5.0,2025),
(96,96,4.2,2025),
(97,97,4.1,2025),
(98,98,4.3,2025),
(99,99,4.8,2025),
(100,100,4.9,2025);

-- =========================================
-- PROJECTS TABLE
-- =========================================

CREATE TABLE projects (
    project_id INT PRIMARY KEY,
    project_name VARCHAR(100),
    dept_id INT,
    budget INT,
    FOREIGN KEY (dept_id) REFERENCES department(dept_id)
);

INSERT INTO projects VALUES
(1,'AI Recruitment System',1,500000),
(2,'Financial Risk Dashboard',2,450000),
(3,'Employee Wellness Program',3,200000),
(4,'Retail Sales Analytics',4,650000),
(5,'Digital Marketing Campaign',5,400000),
(6,'Warehouse Automation',6,700000),
(7,'Insurance Claim Predictor',7,550000),
(8,'Customer Support Portal',8,300000),

(9,'Cloud Migration System',1,800000),
(10,'Fraud Detection Engine',2,750000),
(11,'HR Attendance Tracker',3,250000),
(12,'CRM Optimization',4,600000),
(13,'SEO Performance Tracker',5,350000),
(14,'Inventory Management',6,720000),
(15,'Policy Recommendation Engine',7,580000),
(16,'Support Ticket Analyzer',8,320000),

(17,'Data Warehouse Pipeline',1,900000),
(18,'Expense Forecasting Tool',2,500000),
(19,'Recruitment Automation',3,280000),
(20,'Sales Forecasting System',4,670000),
(21,'Social Media Analyzer',5,420000),
(22,'Supply Chain Optimizer',6,800000),
(23,'Insurance Fraud Detector',7,620000),
(24,'Helpdesk Dashboard',8,310000),

(25,'Cybersecurity Monitoring',1,950000),
(26,'Investment Analytics',2,540000),
(27,'Performance Review Portal',3,300000),
(28,'Lead Management System',4,610000),
(29,'Campaign ROI Tracker',5,390000),
(30,'Logistics Monitoring',6,750000),
(31,'Customer Risk Assessment',7,590000),
(32,'Support Chatbot',8,340000),

(33,'Machine Learning Pipeline',1,870000),
(34,'Tax Optimization Platform',2,480000),
(35,'Employee Engagement App',3,260000),
(36,'Sales KPI Dashboard',4,640000),
(37,'Email Marketing Engine',5,410000),
(38,'Operations Cost Tracker',6,730000),
(39,'Claim Verification System',7,610000),
(40,'Customer Query Manager',8,330000),

(41,'DevOps Automation',1,920000),
(42,'Revenue Intelligence Tool',2,560000),
(43,'Payroll Automation',3,290000),
(44,'Distributor Sales Tracker',4,680000),
(45,'Ad Performance Analyzer',5,430000),
(46,'Fleet Management System',6,820000),
(47,'Premium Prediction Model',7,640000),
(48,'Technical Support AI',8,360000),

(49,'Big Data Analytics Platform',1,990000),
(50,'Audit Monitoring Tool',2,590000),
(51,'Learning Management System',3,310000),
(52,'Customer Retention Dashboard',4,690000),
(53,'Brand Engagement Platform',5,450000),
(54,'Manufacturing Efficiency Tool',6,840000),
(55,'Risk Classification Engine',7,670000),
(56,'Service Request Tracker',8,350000),

(57,'AI Chatbot Integration',1,910000),
(58,'Cash Flow Predictor',2,520000),
(59,'Employee Survey Analyzer',3,270000),
(60,'Regional Sales Monitor',4,660000),
(61,'Marketing Funnel Analyzer',5,440000),
(62,'Resource Allocation Tool',6,760000),
(63,'Insurance Analytics Dashboard',7,630000),
(64,'Call Center Optimization',8,370000),

(65,'ETL Automation Framework',1,940000),
(66,'Financial KPI Tracker',2,570000),
(67,'HR Data Insights',3,320000),
(68,'Retail Intelligence Platform',4,700000),
(69,'Influencer Campaign Tracker',5,460000),
(70,'Procurement Optimization',6,780000),
(71,'Claim Settlement Analyzer',7,650000),
(72,'Customer Feedback Portal',8,340000),

(73,'Data Governance System',1,980000),
(74,'Budget Planning Dashboard',2,600000),
(75,'Talent Acquisition Platform',3,330000),
(76,'Sales Territory Mapping',4,710000),
(77,'Digital Ad Analytics',5,470000),
(78,'Operational Risk Monitor',6,810000),
(79,'Insurance Policy Analyzer',7,680000),
(80,'Support Workflow Engine',8,360000),

(81,'Real-Time Analytics Engine',1,1000000),
(82,'Invoice Processing Tool',2,610000),
(83,'Employee Productivity Tracker',3,340000),
(84,'Sales Conversion Optimizer',4,730000),
(85,'Campaign Targeting Engine',5,490000),
(86,'Asset Tracking System',6,850000),
(87,'Fraud Investigation Dashboard',7,700000),
(88,'AI Service Assistant',8,380000),

(89,'Streaming Data Platform',1,970000),
(90,'Profitability Analysis Tool',2,620000),
(91,'Workforce Planning System',3,350000),
(92,'Sales Revenue Predictor',4,740000),
(93,'Content Marketing Analyzer',5,500000),
(94,'Factory Operations Dashboard',6,870000),
(95,'Insurance Renewal Predictor',7,720000),
(96,'Customer Support Insights',8,390000),

(97,'Enterprise AI Platform',1,1100000),
(98,'Finance Automation Suite',2,650000),
(99,'HR Compliance Tracker',3,360000),
(100,'Omnichannel Sales System',4,760000);

-- =========================================
-- SALES TABLE
-- =========================================

CREATE TABLE sales (
    sale_id INT PRIMARY KEY,
    emp_id INT,
    sale_amount INT,
    sale_date DATE,
    FOREIGN KEY (emp_id) REFERENCES employees(emp_id)
);


INSERT INTO sales VALUES
(1,1,12000,'2026-05-01'),
(2,2,15000,'2026-05-01'),
(3,4,18000,'2026-05-01'),
(4,5,11000,'2026-05-01'),
(5,6,9000,'2026-05-01'),
(6,7,14000,'2026-05-01'),
(7,8,16000,'2026-05-01'),
(8,9,20000,'2026-05-01'),
(9,10,17000,'2026-05-01'),
(10,3,8000,'2026-05-01'),

(11,11,13000,'2026-05-02'),
(12,12,15500,'2026-05-02'),
(13,14,17500,'2026-05-02'),
(14,15,12000,'2026-05-02'),
(15,16,9500,'2026-05-02'),
(16,17,14500,'2026-05-02'),
(17,18,16500,'2026-05-02'),
(18,19,21000,'2026-05-02'),
(19,20,18000,'2026-05-02'),
(20,13,8500,'2026-05-02'),

(21,21,13500,'2026-05-03'),
(22,22,15800,'2026-05-03'),
(23,24,18500,'2026-05-03'),
(24,25,11500,'2026-05-03'),
(25,26,9800,'2026-05-03'),
(26,27,15000,'2026-05-03'),
(27,28,17000,'2026-05-03'),
(28,29,22000,'2026-05-03'),
(29,30,19000,'2026-05-03'),
(30,23,8700,'2026-05-03'),

(31,31,14000,'2026-05-04'),
(32,32,16000,'2026-05-04'),
(33,34,18800,'2026-05-04'),
(34,35,11800,'2026-05-04'),
(35,36,9900,'2026-05-04'),
(36,37,15200,'2026-05-04'),
(37,38,17200,'2026-05-04'),
(38,39,22500,'2026-05-04'),
(39,40,19500,'2026-05-04'),
(40,33,8900,'2026-05-04'),

(41,41,14500,'2026-05-05'),
(42,42,16200,'2026-05-05'),
(43,44,19000,'2026-05-05'),
(44,45,12100,'2026-05-05'),
(45,46,10200,'2026-05-05'),
(46,47,15500,'2026-05-05'),
(47,48,17500,'2026-05-05'),
(48,49,23000,'2026-05-05'),
(49,50,20000,'2026-05-05'),
(50,43,9200,'2026-05-05'),

(51,51,15000,'2026-05-06'),
(52,52,16500,'2026-05-06'),
(53,54,19500,'2026-05-06'),
(54,55,12500,'2026-05-06'),
(55,56,10500,'2026-05-06'),
(56,57,15800,'2026-05-06'),
(57,58,17800,'2026-05-06'),
(58,59,23500,'2026-05-06'),
(59,60,20500,'2026-05-06'),
(60,53,9400,'2026-05-06'),

(61,61,15200,'2026-05-07'),
(62,62,16800,'2026-05-07'),
(63,64,19800,'2026-05-07'),
(64,65,12800,'2026-05-07'),
(65,66,10800,'2026-05-07'),
(66,67,16000,'2026-05-07'),
(67,68,18000,'2026-05-07'),
(68,69,24000,'2026-05-07'),
(69,70,21000,'2026-05-07'),
(70,63,9600,'2026-05-07'),

(71,71,15500,'2026-05-08'),
(72,72,17000,'2026-05-08'),
(73,74,20000,'2026-05-08'),
(74,75,13000,'2026-05-08'),
(75,76,11000,'2026-05-08'),
(76,77,16200,'2026-05-08'),
(77,78,18200,'2026-05-08'),
(78,79,24500,'2026-05-08'),
(79,80,21500,'2026-05-08'),
(80,73,9800,'2026-05-08'),

(81,81,15800,'2026-05-09'),
(82,82,17200,'2026-05-09'),
(83,84,20500,'2026-05-09'),
(84,85,13200,'2026-05-09'),
(85,86,11200,'2026-05-09'),
(86,87,16500,'2026-05-09'),
(87,88,18500,'2026-05-09'),
(88,89,25000,'2026-05-09'),
(89,90,22000,'2026-05-09'),
(90,83,10000,'2026-05-09'),

(91,91,16000,'2026-05-10'),
(92,92,17500,'2026-05-10'),
(93,94,21000,'2026-05-10'),
(94,95,13500,'2026-05-10'),
(95,96,11500,'2026-05-10'),
(96,97,16800,'2026-05-10'),
(97,98,18800,'2026-05-10'),
(98,99,25500,'2026-05-10'),
(99,100,22500,'2026-05-10'),
(100,93,10200,'2026-05-10');


select * from attendance;
select * from sales;